<?xml version="1.0" encoding="UTF-8"?>
<ksdk:examples xmlns:ksdk="http://nxp.com/ksdk/2.0/ksdk_manifest_v3.0.xsd" xmlns:xsi="http://www.w3.org/2001/XMLSchema-instance" xsi:schemaLocation="http://nxp.com/ksdk/2.0/ksdk_manifest_v3.0.xsd manifest.xsd">
  <externalDefinitions>
    <definition extID="com.nxp.mcuxpresso"/>
    <definition extID="component.lists.MKE18F16"/>
    <definition extID="component.lpuart_adapter.MKE18F16"/>
    <definition extID="component.serial_manager.MKE18F16"/>
    <definition extID="component.serial_manager_uart.MKE18F16"/>
    <definition extID="device.MKE18F16_CMSIS.MKE18F16"/>
    <definition extID="device.MKE18F16_startup.MKE18F16"/>
    <definition extID="platform.Include_common.MKE18F16"/>
    <definition extID="platform.Include_core_cm4.MKE18F16"/>
    <definition extID="platform.drivers.clock.MKE18F16"/>
    <definition extID="platform.drivers.common.MKE18F16"/>
    <definition extID="platform.drivers.flexio.MKE18F16"/>
    <definition extID="platform.drivers.flexio_uart.MKE18F16"/>
    <definition extID="platform.drivers.gpio.MKE18F16"/>
    <definition extID="platform.drivers.lpuart.MKE18F16"/>
    <definition extID="platform.drivers.port.MKE18F16"/>
    <definition extID="platform.drivers.sim.MKE18F16"/>
    <definition extID="platform.drivers.smc.MKE18F16"/>
    <definition extID="platform.utilities.assert.MKE18F16"/>
    <definition extID="utility.debug_console.MKE18F16"/>
    <definition extID="iar"/>
    <definition extID="mdk"/>
    <definition extID="armgcc"/>
    <definition extID="mcuxpresso"/>
  </externalDefinitions>
  <example id="twrke18f_flexio_uart_interrupt_transfer" name="flexio_uart_interrupt_transfer" category="driver_examples/flexio" dependency="platform.drivers.port.MKE18F16 platform.drivers.sim.MKE18F16 platform.drivers.clock.MKE18F16 platform.drivers.flexio.MKE18F16 platform.drivers.flexio_uart.MKE18F16 platform.drivers.common.MKE18F16 device.MKE18F16_CMSIS.MKE18F16 utility.debug_console.MKE18F16 component.lpuart_adapter.MKE18F16 component.serial_manager.MKE18F16 component.serial_manager_uart.MKE18F16 platform.drivers.lpuart.MKE18F16 component.lists.MKE18F16 device.MKE18F16_startup.MKE18F16 platform.drivers.smc.MKE18F16 platform.drivers.gpio.MKE18F16 platform.utilities.assert.MKE18F16 platform.Include_core_cm4.MKE18F16 platform.Include_common.MKE18F16" toolchain="iar mdk armgcc mcuxpresso">
    <projects>
      <project type="com.crt.advproject.projecttype.exe" nature="org.eclipse.cdt.core.cnature"/>
    </projects>
    <toolchainSettings>
      <toolchainSetting id_refs="com.nxp.mcuxpresso">
        <option id="com.crt.advproject.gas.fpu" type="enum">
          <value>com.crt.advproject.gas.fpu.fpv4.hard</value>
        </option>
        <option id="com.crt.advproject.gcc.fpu" type="enum">
          <value>com.crt.advproject.gcc.fpu.fpv4.hard</value>
        </option>
        <option id="com.crt.advproject.c.misc.dialect" type="enum">
          <value>com.crt.advproject.misc.dialect.gnu99</value>
        </option>
        <option id="gnu.c.compiler.option.preprocessor.def.symbols" type="stringList">
          <value>CPU_MKE18F512VLL16</value>
          <value>TWR_KE18F</value>
          <value>TOWER</value>
        </option>
        <option id="gnu.c.compiler.option.optimization.flags" type="string">
          <value>-fno-common</value>
        </option>
        <option id="gnu.c.compiler.option.misc.other" type="string">
          <value>-c  -ffunction-sections  -fdata-sections  -ffreestanding  -fno-builtin</value>
        </option>
        <option id="com.crt.advproject.link.fpu" type="enum">
          <value>com.crt.advproject.link.fpu.fpv4.hard</value>
        </option>
        <option id="gnu.c.link.option.nostdlibs" type="boolean">
          <value>true</value>
        </option>
        <option id="com.crt.advproject.link.memory.sections" type="stringList">
          <value>isd=*(NonCacheable.init);region=RAM2;type=.data</value>
          <value>isd=*(NonCacheable);region=RAM2;type=.bss</value>
        </option>
      </toolchainSetting>
    </toolchainSettings>
    <source path="boards/twrke18f/driver_examples/flexio/uart/interrupt_transfer/armgcc" target_path="src" type="linker" toolchain="armgcc">
      <files mask="MKE18F512xxx16_flash.ld"/>
    </source>
    <source path="boards/twrke18f/driver_examples/flexio/uart/interrupt_transfer/iar" target_path="src" type="linker" toolchain="iar">
      <files mask="MKE18F512xxx16_flash.icf"/>
    </source>
    <source path="boards/twrke18f/driver_examples/flexio/uart/interrupt_transfer/mdk" target_path="src" type="linker" toolchain="mdk">
      <files mask="MKE18F512xxx16_flash.scf"/>
    </source>
    <source path="boards/twrke18f/driver_examples/flexio/uart/interrupt_transfer" target_path="board" type="c_include">
      <files mask="board.h"/>
      <files mask="clock_config.h"/>
      <files mask="pin_mux.h"/>
    </source>
    <source path="boards/twrke18f/driver_examples/flexio/uart/interrupt_transfer" target_path="board" type="src">
      <files mask="board.c"/>
      <files mask="clock_config.c"/>
      <files mask="pin_mux.c"/>
    </source>
    <source path="boards/twrke18f/driver_examples/flexio/uart/interrupt_transfer" target_path="doc" type="doc" toolchain="iar mdk mcuxpresso armgcc">
      <files mask="readme.txt"/>
    </source>
    <source path="boards/twrke18f/driver_examples/flexio/uart/interrupt_transfer" target_path="source" type="src">
      <files mask="flexio_uart_interrupt_transfer.c"/>
    </source>
  </example>
</ksdk:examples>
